{"_runtime":290.870775819,"_step":1,"train_loss":0.6701267957687378,"_timestamp":1.7397070225014067e+09,"_wandb":{"runtime":358}}